Category	Problem
Agriculture	I do not have enough water for farming
Agriculture	We do not have pesticides
Agriculture	install a government tube well in my area or else my crops will die
Agriculture	I don’t have seeds
Agriculture	Large scale farmers have advantage
Agriculture	Loans for farmers
Agriculture	Less Land holdings hence less yield therefore low profit
Agriculture	We do not get any profits from the government schemes
Agriculture	Government schemes do not reach us
Bank	There is no bank for loans and landlords have huge interest rates
Bank	These lenders are also taking a lot of money with interest
Bank	i request the government to ask the moneylenders to provide loans with low interest
Bank	Give us low interest loans
Bank	Give concessions
Bank	Please give me money
Bank	I cannot pay you back, so please no interest.
Bank	i am having a money crises and the large farmer is not giving me loans please generate employment
Bank	I have no money and even though I work 12 hours a day, my things don't pay me. These lenders are also taking a lot of money with interest
Bank	Give us low interest loans
Bank	Please grant us more loans with low interest
Bank	i request the government to ask the moneylenders to provide loans with low interest
Bank	i am not being paid for the work done on the fields and the money lenders are taking huge interests
Bank	please provide the money with low interests
Bank	request u to reduce the rate of interest for the small farmers
Bank	Money needed for agriculture but interest rates are killing us poor farmers
Bank	 It is due to the daily wage we are being paid, which is a paltry amount with huge interest.
Bank	We will be indebted for this. Also if the interest rate is reduced for us we can manage our day to day activities and survive in this economy. 
Bank	Due to various reasons, landless farmers/labourers like myself are forced to take loans from landlords and money lender
Bank	But to the high interest they charge on the principle, it’s difficult for us to repay them back on time
Bank	We request the government to make an affordable amendment such that needy people like me, have the virtue to take loans with a lower rate of interest than usual.
Bank	I am a labourer who is not getting paid enough money due to huge interests taken by the lenders. I would like to know if there is any government scheme for taking loan with low interest for labourer like me.
Bank	I would like to bring your attention to the grave issue faced by farmers like me, which is about not having access to funds with reasonable interest rates.
Bank	am a labourer who is not getting paid enough money due to huge interests taken by the lenders
Bank	I would like to know if there is any government scheme for taking loan with low interest for labourer like me.
Bank	. I would like to bring your attention to the grave issue faced by farmers like me, which is about not having access to funds with reasonable interest rates. 
Bank	I have been searching for banks with low interest how come I can't find any, even government banks. 
Bank	My only option now is to lend money from the moneylenders
Bank	I have been avoiding that option. But I guess I have no other option left. This is my last chance. Please provide us farmers with loans with low interest
Electricity	No electricity reaches
Electricity	we dont have the luxury of electricity in our village
Electricity	For the purpose of better life i kindly request you to approve electricity in our village.
Electricity	I'm writing this to bring to your attention too the acute shortage of electricity in our village
Electricity	We barely have few hours of power supply in a given day
Electricity	his is impacting our irrigation
Electricity	Electricity is essential for everyone but how come the rural areas are denied of it.
Electricity	I request you to provide electricity in small areas like mine.
Food	Due to the open market, we are not getting enough of food supply.
Food	Food prices are high
Food	We didn't get the food we needed
Food	I am a resident of a rural sector of India and me and my neighbours who are BPL farmers are not able to get enough food to make our living
Food	. I request you to take our issue into consideration and provide us with the necessities.
Food	the PDS are selling their grains to the open market and we are not receiving enough food. please solve the problem some how through which both have an advantage. looking forward for your response.
Food	Due to the open market, we are not getting enough of food supply.
Food	We have a PDS shop in our village but it is selling to the open market in search of better profits ,leaving the poor to buy food in an open market which far more costlier.
Food	Corruption at the level of PDS. Small merchants taking away food meant for the poor . Please do help.
Food	I have seen the irregularities in the distribution as well.
Food	My area is badly affected and it can affect the livelihood of farmers living in my area.
Food	The PDS of my sector is been persistently selling the grains we produce to the open market and minting money,It’s not right, as we are facing great hardships because of such an act from a public serving body.
Food	This is to inform you that the PDS in my area is illegally selling grains to open market
Food	we are not getting enough amount of food.
Food	PDS offering grains at a highly subsidized price
Food	There have been food shoratges in my village and hunger has spread.
Transportation	There is no bus
Transportation	Bus are overcrowded
Transportation	dear government the roads on the way to city are destroyed and have to be re-laid,please take an initiative to help us.
Transportation	No roads. Making roads
Transportation	PLease make them with cement for more durability.
Transportation	Walk all the way to the city for the delivery
Transportation	with the advent of technologies we are shifting to selling our handicrafts items from local market to places we have not seen or heard of before
Transportation	But due to no proper transportation infra we are not able to make timely and effective deliveries of our make.
Transportation	kindly look into our appeal and provide funds for development of roads in our village
Transportation	I will make a request to the government to build a road to the village.or else with help of locals i will try to build a road.
Transportation	I am a worker in an cottage industry and think my goods will have market in the city but to transport it there we have no roads
Transportation	All commodities facing expiry. Fruits getting rotten because of no roads to city. Please do help.
Transportation	, working in a small transport business where we have to deliver goods to the city on frequent basis.
Transportation	The route that leads to the city is not constructed yet
Transportation	We have faced vehicle damage and accidents due to proper system
Transportation	We are facing losses in our business.  Requesting you to seriously look into this matter and construct a good road
Transportation	This will ensure smooth transport and will help local businesses
Transportation	The demanding deadlines of my job, and the lack of roads in my village, pose a great threat to my business 
Transportation	Laying roads in such village areas can not only be beneficial for me but as well as for those who daily walk or ride to their work.
Transportation	This is a request from our villagers for approving roads which can link to city from our area so that we can have ease in transport
Transportation	Right now we dont have roads and our transportation for living is at stake.
Transportation	Dear sir please look into the worthiness of roads in our village
Transportation	Please built a few roads in the rural areas
Transportation	it will help in transportation and can help start up a lot of other industries.
Water	We do not get water for more than 2 hours
Water	Pls build better borewells
Water	we are facing lot of issues due to unavailability of Irrigation water.
Water	Without Irrigation our family can't survive
Water	Kindly provide water so that we can see the crops
Water	Due to this we are not able to seed the crops. We have taken loans and if water is not available, our survival is at stake.
Water	My crops will fail and as I am already in debt my bank will not give more loan.
Water	Dear sir I am not getting enough water for irrigation pls help m
Water	Without proper Monsoon this year , we are at mercy for other sources. As water in rivers are dried up we need your support to build infrastructure for irrigation . As agriculture is our only source of income.
Water	The lack of water in the irrigation system is posing a direct impact on the farming industry.
Water	The government must make suitable arrangements to sustain, protect and develop the agriculture industry.
Water	Due to limited water acces in my area im unable to perform any farming related activities
Water	I'm writing this to bring your attention to the acute water shortage in our village for crop irrigation.
Water	 This has severely impacted our livelihood and already brought down the crop cycle to low annually, from high.
Water	As a farmer it has been difficult for me to water my crops
Water	my irrigation system has not been recieving water.